DEPARTMENT,ABBR
JABATAN KEJURUTERAAN AWAM,JKA
JABATAN KEJURUTERAAN MEKANIKAL,JKM
JABATAN KEJURUTERAAN PETROKIMIA,JKPK
JABATAN KEJURUTERAAN ELEKTRIK,JKE
JABATAN TEKNOLOGI MAKLUMAT & KOMUNIKASI,JTMK
JABATAN PERDAGANGAN,JP
"JABATAN MATEMATIK, SAINS & KOMPUTER",JMSK
JABATAN PENGAJIAN AM,JPA
JABATAN HAL EHWAL PELAJAR,JHEP
JABATAN SUKAN KO-KURIKULUM DAN KEBUDAYAAN ,JSKK
UNIT KHIDMAT PENGURUSAN ,UKP
UNIT KOMUNIKASI KORPORAT ,UKK
UNIT JAMINAN KUALITI,UJK
"UNIT PENYELIDIKAN, INOVASI DAN KOMERSIALAN ",UPIK
UNIT PENGURUSAN PSIKOLOGI ,UPPsi
UNIT LATIHAN DAN PENDIDIKAN LANJUTAN ,ULPL
"CORPORATE, INDUSTRIAL SERVICES & EMPLOYABILITY CENTRE ",CISEC
UNIT PERHUBUNGAN DAN LATIHAN INDUSTRI ,UPLI
UNIT KEUSAHAWANAN,UK
UNIT PEMBANGUNAN INSTRUKSIONAL DAN MULTIMEDIA ,UIDM
UNIT PEPERIKSAAN,UPeP
UNIT PERPUSTAKAAN ,UP
UNIT PENGURUSAN KOLEJ KEDIAMAN,UPKK
UNIT PEMBANGUNAN DAN SENGGARAAN ,UPS
UNIT TEKNOLOGI MAKLUMAT & KOMUNIKASI,UICT
UNIT CENTRE OF GEOMATICS ,COT
UNIT KESELAMATAN DAN KESIHATAN ,SHU
